extension_base,ref_count,refs
nc:ActivityType,3.0,"nc:SystemOperatingModeAbstract,nc:SystemUserNameAbstract,nc:SystemAuditEventAugmentationPoint"
nc:ActivityType,14.0,"nc:ProgramPerson,nc:ProgramAction,nc:ProgramCapacityQuantity,nc:ProgramCondition,nc:ProgramFacility,nc:ProgramPubliclyRunIndicator,nc:ProgramPurposeText,nc:ProgramReferral,nc:ProgramAdministrator,nc:ProgramRelease,nc:ProgramSupervisor,nc:ProgramResidentialIndicator,nc:ProgramSupervisedIndicator,nc:ProgramAugmentationPoint"
nc:ActivityType,5.0,"nc:ProgressComplianceIndicator,nc:ProgressComplianceAbstract,nc:ProgressPaymentAmount,nc:ProgressTimeQuantityText,nc:ProgressAugmentationPoint"
nc:ActivityType,10.0,"nc:PersonArmedIndicator,nc:PersonAssaultedOfficerIndicator,nc:PersonPossessCreditCardIndicator,nc:PersonFraudulentIdentificationIndicator,nc:PersonJuvenileClaimedIndicator,nc:PersonJuvenileVerifiedIndicator,nc:EncounterClassification,nc:EncounterCommentText,nc:FingerprintTakenIndicator,nc:PersonEncounterAugmentationPoint"
nc:ActivityType,8.0,"nc:ConditionGroupID,nc:ConditionSetDate,nc:ConditionDisciplinaryAction,nc:ConditionMandatoryIndicator,nc:ConditionViolatedIndicator,nc:ConditionViolationAbstract,nc:ConditionViolationDate,nc:ConditionAugmentationPoint"
nc:ActivityType,8.0,"nc:ReferralActivity,nc:ReferralIssuer,nc:ReferralMandatoryIndicator,nc:ReferralSupervisor,nc:ReferralItem,nc:ReferralEntity,nc:ReferralPerson,nc:ReferralAugmentationPoint"
nc:ActivityType,8.0,"nc:ReleasePerson,nc:ReleaseFromLocation,nc:ReleaseIssuer,nc:ReleaseItem,nc:ReleaseRecipient,nc:ReleaseToLocation,nc:ReleaseSupervisor,nc:ReleaseAugmentationPoint"
nc:ActivityType,10.0,"nc:CaseTitleText,nc:CaseCategoryAbstract,nc:CaseGeneralCategoryAbstract,nc:CaseYearDate,nc:CaseTrackingID,nc:CaseSubCategoryAbstract,nc:CaseDocketID,nc:CaseResolutionText,nc:CaseFiling,nc:CaseAugmentationPoint"
nc:ActivityType,4.0,"nc:PersonDisunionDecreeIndicator,nc:PersonDisunionPendingIndicator,nc:PersonDisunionReasonText,nc:PersonDisunionAugmentationPoint"
nc:ActivityType,9.0,"nc:DisciplinaryActionPerson,nc:DisciplinaryActionAssigner,nc:DisciplinaryActionCommunityService,nc:DisciplinaryActionEnforcer,nc:DisciplinaryActionCounseling,nc:DisciplinaryActionFee,nc:DisciplinaryActionProgram,nc:DisciplinaryActionRestitution,nc:DisciplinaryActionAugmentationPoint"
nc:ActivityType,16.0,"nc:AssessmentAssessor,nc:AssessmentCategoryAbstract,nc:AssessmentComment,nc:AssessmentFee,nc:AssessmentImage,nc:AssessmentOutcomeText,nc:AssessmentPerson,nc:AssessmentProgram,nc:AssessmentRecommendation,nc:AssessmentReferral,nc:AssessmentReport,nc:AssessmentScoreAbstract,nc:AssessmentSummaryText,nc:AssessmentToolDescriptionText,nc:AssessmentToolName,nc:AssessmentAugmentationPoint"
nc:ActivityType,9.0,"nc:SupervisionCurrentIndicator,nc:SupervisionCustodyStatus,nc:SupervisionFacility,nc:SupervisionMandatoryIndicator,nc:SupervisionRelease,nc:SupervisionPerson,nc:SupervisionPersonStatus,nc:SupervisionSupervisor,nc:SupervisionAugmentationPoint"
nc:ActivityType,6.0,"nc:IncidentEvent,nc:IncidentJurisdictionalOrganization,nc:IncidentObservationText,nc:IncidentReportedNarrative,nc:IncidentDayPeriodText,nc:IncidentAugmentationPoint"
nc:ActivityType,3.0,"nc:SeparationCategoryAbstract,nc:SeparationDateRange,nc:PersonUnionSeparationAugmentationPoint"
nc:ActivityType,5.0,"nc:ItemSeller,nc:ItemPurchasePriceValue,nc:ItemBuyer,nc:Item,nc:ItemTransactionAugmentationPoint"
nc:ActivityType,4.0,"nc:TreatmentText,nc:TreatmentProvider,nc:Person,nc:TreatmentAugmentationPoint"
nc:AssociationType,4.0,"nc:EmploymentPosition,nc:Organization,nc:Status,nc:EmploymentPositionOrganizationAssociationAugmentationPoint"
nc:AssociationType,4.0,"nc:Person,nc:Identity,nc:IdentityStolenIndicator,nc:PersonIdentityAssociationAugmentationPoint"
nc:AssociationType,3.0,"nc:Item,nc:Container,nc:ItemContainerAssociationAugmentationPoint"
nc:AssociationType,3.0,"nc:Entity,nc:Item,nc:ItemEntityAssociationAugmentationPoint"
nc:AssociationType,5.0,"nc:Insurance,nc:Item,nc:InsurancePolicyHolder,nc:RelatedActivity,nc:ItemInsuranceAssociationAugmentationPoint"
nc:AssociationType,3.0,"nc:ParentFacility,nc:SubFacility,nc:FacilitySubFacilityAssociationAugmentationPoint"
nc:AssociationType,3.0,"nc:Facility,nc:Site,nc:FacilitySiteAssociationAugmentationPoint"
nc:AssociationType,3.0,"nc:Person,nc:Document,nc:PersonDocumentAssociationAugmentationPoint"
nc:AssociationType,3.0,"nc:Facility,nc:Person,nc:FacilityPersonAssociationAugmentationPoint"
nc:AssociationType,3.0,"nc:Facility,nc:Image,nc:FacilityImageAssociationAugmentationPoint"
nc:AssociationType,3.0,"nc:Location,nc:Item,nc:ItemLocationAssociationAugmentationPoint"
nc:AssociationType,3.0,"nc:Person,nc:Conveyance,nc:PersonConveyanceAssociationAugmentationPoint"
nc:AssociationType,3.0,"nc:Facility,nc:Document,nc:FacilityDocumentAssociationAugmentationPoint"
nc:AssociationType,2.0,"nc:Person,nc:PersonAssociationAugmentationPoint"
nc:AssociationType,4.0,"nc:PrimaryDocument,nc:SecondaryDocument,nc:DocumentRelationAbstract,nc:DocumentAssociationAugmentationPoint"
nc:AssociationType,3.0,"nc:Organization,nc:OrganizationUnit,nc:OrganizationUnitAssociationAugmentationPoint"
nc:AssociationType,2.0,"nc:Facility,nc:FacilityAssociationAugmentationPoint"
nc:AssociationType,3.0,"nc:Location,nc:ContactInformation,nc:LocationContactInformationAssociationAugmentationPoint"
nc:AssociationType,3.0,"nc:Location,nc:Organization,nc:OrganizationLocationAssociationAugmentationPoint"
nc:AssociationType,3.0,"nc:Facility,nc:Organization,nc:OrganizationFacilityAssociationAugmentationPoint"
nc:AssociationType,2.0,"nc:Organization,nc:OrganizationAssociationAugmentationPoint"
nc:AssociationType,24.0,"nc:Employee,nc:Employer,nc:EmployeeAssignmentAssociation,nc:EmployeeContactInformation,nc:EmployeeFullTimeIndicator,nc:EmployeeHoursFixedIndicator,nc:EmployeeHoursDailyQuantity,nc:EmployeeHoursWeeklyQuantity,nc:EmployeeHoursMonthlyQuantity,nc:EmployeeIdentification,nc:EmploymentLengthAbstract,nc:EmploymentLocation,nc:EmployeeOccupationAbstract,nc:EmployeeOccupationCategoryAbstract,nc:EmployeePayAbstract,nc:EmployeePayHourlyIndicator,nc:EmployeePosition,nc:EmployeeRankAbstract,nc:EmployeeSchedule,nc:EmployeeScheduleFixedIndicator,nc:EmployeeShiftAbstract,nc:EmploymentStatus,nc:EmployeeSupervisor,nc:EmploymentAssociationAugmentationPoint"
nc:AssociationType,8.0,"nc:TelecommunicationDevice,nc:DeviceUser,nc:DeviceReceivedInformationAbstract,nc:DeviceSentInformationAbstract,nc:DeviceStoredInformationAbstract,nc:DeviceVisitedInformationAbstract,nc:Activity,nc:DeviceInformationAssociationAugmentationPoint"
nc:AssociationType,3.0,"nc:Activity,nc:Conveyance,nc:ActivityConveyanceAssociationAugmentationPoint"
nc:AssociationType,3.0,"nc:Person,nc:Location,nc:PersonLocationAssociationAugmentationPoint"
nc:AssociationType,4.0,"nc:Person,nc:PersonWorker,nc:Activity,nc:PersonWorkerAssociationAugmentationPoint"
nc:AssociationType,3.0,"nc:Activity,nc:Document,nc:ActivityDocumentAssociationAugmentationPoint"
nc:AssociationType,3.0,"nc:Activity,nc:Facility,nc:ActivityFacilityAssociationAugmentationPoint"
nc:AssociationType,3.0,"nc:Activity,nc:ActivityRelationAbstract,nc:RelatedActivityAssociationAugmentationPoint"
nc:AssociationType,3.0,"nc:Activity,nc:Item,nc:ActivityItemAssociationAugmentationPoint"
nc:AssociationType,4.0,"nc:Activity,nc:Organization,nc:ActivityInvolvementAbstract,nc:ActivityOrganizationAssociationAugmentationPoint"
nc:AssociationType,4.0,"nc:Activity,nc:Person,nc:ActivityInvolvementAbstract,nc:ActivityPersonAssociationAugmentationPoint"
nc:AssociationType,3.0,"nc:Activity,nc:ScheduleDay,nc:ActivityScheduleAssociationAugmentationPoint"
nc:AssociationType,3.0,"nc:Activity,nc:Site,nc:ActivitySiteAssociationAugmentationPoint"
nc:AssociationType,6.0,"nc:Conveyance,nc:ConveyedItem,nc:ConveyanceOperator,nc:ConveyedPerson,nc:ConveyancePassengerQuantity,nc:TransportationAssociationAugmentationPoint"
nc:AssociationType,3.0,"nc:Person,nc:Organization,nc:PersonOrganizationAssociationAugmentationPoint"
nc:AssociationType,3.0,"nc:TelecommunicationDevice,nc:SIMCard,nc:TelecommunicationDeviceSIMCardAssociationAugmentationPoint"
nc:BinaryType,4.0,"nc:ImageHeightValue,nc:ImageLocation,nc:ImageWidthValue,nc:ImageAugmentationPoint"
nc:ConveyanceType,8.0,"nc:VesselMakeAbstract,nc:VesselCategoryAbstract,nc:VesselHullIdentification,nc:VesselHullMaterialAbstract,nc:VesselHullShapeAbstract,nc:VesselPropulsionAbstract,nc:VesselTrailer,nc:VesselAugmentationPoint"
nc:ConveyanceType,18.0,"nc:VehicleCMVIndicator,nc:VehicleColorInteriorAbstract,nc:VehicleDoorQuantity,nc:VehicleIdentification,nc:VehicleMakeAbstract,nc:VehicleModelAbstract,nc:VehicleMSRPAmount,nc:VehicleOdometerReadingMeasure,nc:VehiclePassengerSafeQuantity,nc:VehicleSeatingQuantity,nc:VehicleTransmissionCategoryAbstract,nc:VehicleAxleQuantity,nc:VehicleCurrentWeightMeasure,nc:VehicleGrossLadenSumWeightMeasure,nc:VehicleGrossLadenUnitWeightMeasure,nc:VehicleMaximumLoadWeightMeasure,nc:VehicleUnladenWeightMeasure,nc:VehicleAugmentationPoint"
nc:ConveyanceType,10.0,"nc:AircraftBaseAirport,nc:AircraftCallSignIdentification,nc:AircraftCategoryAbstract,nc:AircraftFuselageColorAbstract,nc:AircraftMakeAbstract,nc:AircraftModelAbstract,nc:AircraftStyleAbstract,nc:AircraftTailIdentification,nc:AircraftWingColorAbstract,nc:AircraftAugmentationPoint"
nc:DispositionType,6.0,"nc:ItemDispositionAbstract,nc:ItemDispositionLocation,nc:Item,nc:ItemHoldingOrganization,nc:ItemMovingOrganization,nc:ItemDispositionAugmentationPoint"
nc:DispositionType,3.0,"nc:CaseDispositionFinalDate,nc:CaseDispositionDecision,nc:CaseDispositionAugmentationPoint"
nc:DocumentType,14.0,"nc:PassportNumberIdentification,nc:PersonName,nc:PersonBirthDate,nc:PersonBirthLocation,nc:PassportBookIdentification,nc:PassportCategoryAbstract,nc:PersonDigitalImage,nc:PersonCitizenshipCountry,nc:PassportElectronicIndicator,nc:PassportIssuingOrganization,nc:PersonSexAbstract,nc:PassportStolenLostIndicator,nc:PassportTransmissionTrackingID,nc:PassportAugmentationPoint"
nc:DocumentType,3.0,"nc:ManifestCategoryAbstract,nc:ManifestTransmittedDate,nc:ManifestAugmentationPoint"
nc:EmploymentAssociationType,3.0,"nc:EmployeeRegistrationAbstract,nc:EmployeeSupervisorIndicator,nc:EmployeeAssignmentAssociationAugmentationPoint"
nc:EntityType,2.0,"nc:FinancialAccountHolderCode,nc:FinancialAccountHolderAugmentationPoint"
nc:EntityType,1.0,nc:EmployerAugmentationPoint
nc:FacilityType,2.0,"nc:AirportCodeAbstract,nc:AirportAugmentationPoint"
nc:IdentificationType,2.0,"nc:SystemName,nc:SystemIdentificationAugmentationPoint"
nc:IntangibleItemType,7.0,"nc:IntellectualPropertyRegistrationIdentification,nc:IntellectualPropertyCreationDate,nc:IntellectualPropertyCreationEventText,nc:IntellectualPropertyRegistrationDate,nc:IntellectualPropertyTerminationDate,nc:IntellectualPropertyTerminationEventText,nc:IntellectualPropertyAugmentationPoint"
nc:ItemType,3.0,"nc:IntangibleItemCategoryAbstract,nc:IntellectualItemBusinessAreaText,nc:IntangibleItemAugmentationPoint"
nc:ItemType,8.0,"nc:SubstanceCategoryAbstract,nc:SubstanceAbstract,nc:SubstanceContainerDescriptionText,nc:SubstanceQuantityMeasure,nc:SubstanceCompositionDescriptionText,nc:SubstanceFormAbstract,nc:SubstanceFoundDescriptionText,nc:SubstanceAugmentationPoint"
nc:ItemType,6.0,"nc:SoftwareName,nc:SoftwareComponent,nc:SoftwareDescriptionText,nc:SoftwareVendorName,nc:SoftwareVersionText,nc:SoftwareAugmentationPoint"
nc:ItemType,2.0,"nc:SoftwareComponentVersionID,nc:SoftwareComponentAugmentationPoint"
nc:ItemType,6.0,"nc:DeviceCategoryAbstract,nc:DeviceESNIdentification,nc:DeviceIMEIIdentification,nc:DeviceElectronicAddress,nc:DeviceStoredContactInformation,nc:DeviceAugmentationPoint"
nc:ItemType,6.0,"nc:SecuritiesCollectionDateRange,nc:SecuritiesDateSeriesAbstract,nc:SecuritiesDenominationAbstract,nc:SecuritiesCategoryAbstract,nc:SecuritiesIssuer,nc:SecuritiesAugmentationPoint"
nc:ItemType,8.0,"nc:ConveyanceCategoryAbstract,nc:ConveyanceCargoText,nc:ConveyanceEngineQuantity,nc:ConveyanceFuelCategoryAbstract,nc:ConveyanceMotorizedIndicator,nc:ConveyanceTowedIndicator,nc:ConveyanceUseAbstract,nc:ConveyanceAugmentationPoint"
nc:ItemType,4.0,"nc:RealEstateAcreageText,nc:RealEstateBoundaryDescriptionText,nc:RealEstateAttachedFacility,nc:RealEstateAugmentationPoint"
nc:LengthMeasureType,2.0,"nc:LocationHeightVerticalDatumAbstract,nc:LocationHeightMeasureAugmentationPoint"
nc:Location2DGeospatialCoordinateType,2.0,"nc:LocationHeightAbstract,nc:Location3DGeospatialCoordinateAugmentationPoint"
nc:MeasureType,2.0,"nc:SubstanceUnitAbstract,nc:SubstanceMeasureAugmentationPoint"
nc:MeasureType,2.0,"nc:LengthUnitAbstract,nc:LengthMeasureAugmentationPoint"
nc:MeasureType,2.0,"nc:VolumeUnitAbstract,nc:VolumeMeasureAugmentationPoint"
nc:MeasureType,2.0,"nc:SpeedUnitAbstract,nc:SpeedMeasureAugmentationPoint"
nc:MeasureType,2.0,"nc:TemperatureUnitAbstract,nc:TemperatureMeasureAugmentationPoint"
nc:MeasureType,2.0,"nc:TimeUnitAbstract,nc:TimeMeasureAugmentationPoint"
nc:MeasureType,2.0,"nc:WeightUnitAbstract,nc:WeightMeasureAugmentationPoint"
nc:MeasureType,2.0,"nc:AreaMeasureUnitAbstract,nc:AreaMeasureAugmentationPoint"
nc:MeasureType,2.0,"nc:ConsumptionRateUnitAbstract,nc:ConsumptionRateMeasureAugmentationPoint"
nc:MeasureType,2.0,"nc:AngularRateUnitAbstract,nc:AngularRateMeasureAugmentationPoint"
nc:MeasureType,2.0,"nc:AngleUnitAbstract,nc:AngleMeasureAugmentationPoint"
nc:PersonAssociationType,7.0,"nc:PersonDisunion,nc:PersonUnionCertificateIndicator,nc:PersonUnionLocation,nc:PersonUnionSeparation,nc:PersonUnionCategoryAbstract,nc:PersonUnionStatusAbstract,nc:PersonUnionAssociationAugmentationPoint"
nc:PersonLocationAssociationType,5.0,"nc:ResidenceDescriptionText,nc:ResidenceOccupancyCategoryAbstract,nc:ResidencePaymentAmount,nc:ResidencePaymentPeriodAbstract,nc:PersonResidenceAssociationAugmentationPoint"
nc:RelatedActivityAssociationType,2.0,"nc:PreviousActivity,nc:PreviousActivityAssociationAugmentationPoint"
nc:SpeedMeasureType,2.0,"nc:Bearing,nc:VelocityMeasureAugmentationPoint"
nc:SubstanceType,5.0,"nc:DrugDaysSupplyQuantity,nc:DrugStrengthText,nc:DrugClassScheduleAbstract,nc:DrugCoverageExceptionReasonText,nc:DrugAugmentationPoint"
structures:AssociationType,3.0,"nc:AssociationDateRange,nc:AssociationDescriptionText,nc:AssociationAugmentationPoint"
structures:MetadataType,27.0,"nc:AdministrativeID,nc:CaveatText,nc:Comment,nc:ConfidencePercent,nc:CreatorName,nc:DescriptionText,nc:DistributionText,nc:EffectiveDate,nc:EmptyReasonAbstract,nc:EmptyReasonDescriptionText,nc:ExpirationDate,nc:Language,nc:LastUpdatedDate,nc:LastVerifiedDate,nc:ProbabilityPercent,nc:PublisherName,nc:QualityComment,nc:ReleaseDate,nc:ReportedDate,nc:ReportingOrganizationAbstract,nc:ReportingPersonRoleAbstract,nc:ReportingPersonAbstract,nc:RepositoryID,nc:SensitivityAbstract,nc:SourceContactPersonAbstract,nc:SourceIDText,nc:SourceText"
structures:ObjectType,6.0,"nc:RelativeLocationDescriptionText,nc:RelativeLocationDirectionAbstract,nc:RelativeLocationDistanceMeasure,nc:RelativeLocationHeadingValue,nc:RelativeLocationReferencePoint,nc:RelativeLocationAugmentationPoint"
structures:ObjectType,8.0,"nc:RecommendationDescriptionText,nc:RecommendationEntity,nc:RecommendationSubjectText,nc:RecommendationDate,nc:RecommendationCategoryAbstract,nc:RecommendationComment,nc:RecommendationText,nc:RecommendationAugmentationPoint"
structures:ObjectType,4.0,"nc:CaveatText,nc:CaveatReferenceDate,nc:CaveatIssuingAuthorityText,nc:CaveatAugmentationPoint"
structures:ObjectType,14.0,"nc:PublicServiceName,nc:PublicServiceDescriptionText,nc:PublicServiceCategoryAbstract,nc:PublicServiceLanguage,nc:PublicServiceWebsiteURI,nc:PublicServiceChannelAbstract,nc:PublicServiceLocation,nc:PublicServiceRequiredService,nc:PublicServiceRelatedService,nc:PublicServiceInputResourceDocument,nc:PublicServiceOutputResourceDocument,nc:PublicServiceRelatedLocation,nc:PublicServiceAvailabilitySchedule,nc:PublicServiceAugmentationPoint"
structures:ObjectType,11.0,"nc:RoleOfDocument,nc:PublicationAuthorText,nc:PublicationDate,nc:PublicationISBNID,nc:PublicationISSNID,nc:PublicationLibraryClassificationIdentification,nc:PublicationPageText,nc:PublicationPublisherText,nc:PublicationSubjectText,nc:PublicationTitleText,nc:PublicationAugmentationPoint"
structures:ObjectType,5.0,"nc:CommentAuthorText,nc:CommentCreationDate,nc:CommentText,nc:CommentTitleText,nc:CommentAugmentationPoint"
structures:ObjectType,3.0,"nc:CircularRegionCenterCoordinate,nc:CircularRegionRadiusLengthMeasure,nc:CircularRegionAugmentationPoint"
structures:ObjectType,9.0,"nc:InjuryCategoryAbstract,nc:InjuryLocationAbstract,nc:InjuryDate,nc:InjuryDescriptionText,nc:InjuryCauserAbstract,nc:InjurySustainer,nc:InjurySeverityAbstract,nc:InjuryTreatment,nc:InjuryAugmentationPoint"
structures:ObjectType,4.0,"nc:ContactRadioCategoryAbstract,nc:ContactRadioChannelText,nc:ContactRadioCallSignID,nc:ContactRadioAugmentationPoint"
structures:ObjectType,8.0,"nc:RoleOfDocument,nc:ReportAssignee,nc:ReportCoverageDateRange,nc:ReportDueDate,nc:ReportFrequencyAbstract,nc:ReportID,nc:ReportTemplateCategoryAbstract,nc:ReportAugmentationPoint"
structures:ObjectType,2.0,"nc:PolygonNodeLocation,nc:PolygonRegionAugmentationPoint"
structures:ObjectType,19.0,"nc:PlanActivationDecisionText,nc:PlanApprovalDate,nc:PlanApprovalEntity,nc:PlanAssignedPerson,nc:PlanComment,nc:PlanCreatedDate,nc:PlanDateRange,nc:PlanEstimatedFulfillmentDate,nc:PlanIdentification,nc:PlanName,nc:PlanOperationalObjectiveText,nc:PlanPurposeText,nc:PlanReleaseDate,nc:PlanReport,nc:PlanRevisionReleaseDate,nc:PlanTargetOutcomeText,nc:PlanTask,nc:PlanUpdatedDate,nc:PlanAugmentationPoint"
structures:ObjectType,6.0,"nc:PhysicalFeatureGeneralCategoryAbstract,nc:PhysicalFeatureCategoryAbstract,nc:PhysicalFeatureDescriptionText,nc:PhysicalFeatureImage,nc:PhysicalFeatureLocationText,nc:PhysicalFeatureAugmentationPoint"
structures:ObjectType,2.0,"nc:CountryRepresentation,nc:CountryAugmentationPoint"
structures:ObjectType,8.0,"nc:CrisisIdentification,nc:CrisisName,nc:CrisisLocation,nc:CrisisImage,nc:CrisisURLID,nc:CrisisDescriptionText,nc:CrisisStatus,nc:CrisisAugmentationPoint"
structures:ObjectType,82.0,"nc:PersonAccentText,nc:PersonAgeDescriptionText,nc:PersonAgeMeasure,nc:PersonBirthDate,nc:PersonBirthLocation,nc:PersonBloodTypeAbstract,nc:PersonBodyXRaysAvailableAbstract,nc:PersonBuildAbstract,nc:PersonCapability,nc:PersonCircumcisionIndicator,nc:PersonCitizenship,nc:PersonComplexionAbstract,nc:PersonDeathDate,nc:PersonDependentQuantity,nc:PersonDescriptionText,nc:PersonDigitalImage,nc:PersonDigitizedSignatureImage,nc:PersonDisguiseDescriptionText,nc:PersonOrganDonorAbstract,nc:PersonEducation,nc:PersonEmployedIndicator,nc:PersonEthnicityAbstract,nc:PersonEyeColorAbstract,nc:PersonEyewearAbstract,nc:PersonFacialHairAbstract,nc:PersonGeneralAppearanceDescriptionText,nc:PersonHairAppearanceText,nc:PersonHairCategoryAbstract,nc:PersonHairColorAbstract,nc:PersonHairLengthAbstract,nc:PersonHairStyleAbstract,nc:PersonHandednessAbstract,nc:PersonHeightDescriptionText,nc:PersonHeightMeasure,nc:PersonHumanResourceIdentification,nc:PersonInjury,nc:PersonJewelryDescriptionText,nc:PersonJobTitleText,nc:PersonLanguageEnglishIndicator,nc:PersonLearningDisabilityAbstract,nc:PersonLicenseIdentification,nc:PersonLivingIndicator,nc:PersonMedicalCondition,nc:PersonMedicalDescriptionText,nc:PersonMedicalFileIndicator,nc:PersonMedicationRequiredText,nc:PersonMentalStateAbstract,nc:PersonMilitarySummary,nc:PersonMoodDescriptionText,nc:PersonName,nc:PersonNationalIdentification,nc:PersonOrganDonorIndicator,nc:PersonOtherIdentification,nc:PersonPassportIdentification,nc:PersonPhysicalDisabilityText,nc:PersonPhysicalFeature,nc:PersonPrimaryLanguage,nc:PersonRaceAbstract,nc:PersonReligionAbstract,nc:PersonResidentAbstract,nc:PersonSecondaryLanguage,nc:PersonSecurityClearanceAbstract,nc:PersonSexAbstract,nc:PersonSexualOrientationAbstract,nc:PersonSkinToneAbstract,nc:PersonSpeechDescriptionText,nc:PersonSSNIdentification,nc:PersonStateIdentification,nc:PersonTaxIdentification,nc:PersonUnemploymentStatus,nc:PersonUnionStatusAbstract,nc:PersonUSCitizenIndicator,nc:PersonVisionPrescriptionText,nc:PersonWeightDescriptionText,nc:PersonWeightMeasure,nc:PersonXRayImage,nc:PersonNationality,nc:PersonContactInformation,nc:EmployeeContactInformation,nc:PersonEmergencyContactInformation,nc:PersonHomeContactInformation,nc:PersonAugmentationPoint"
structures:ObjectType,4.0,"nc:CrossStreetDescriptionText,nc:CrossStreetRelativeLocation,nc:AddressStreet,nc:CrossStreetAugmentationPoint"
structures:ObjectType,8.0,"nc:ContactMeansAbstract,nc:ContactEntity,nc:ContactEntityDescriptionText,nc:ContactInformationCategoryAbstract,nc:ContactInformationDescriptionText,nc:ContactResponder,nc:ContactInformationAvailabilityAbstract,nc:ContactInformationAugmentationPoint"
structures:ObjectType,10.0,"nc:RequestContactInformation,nc:RequestDate,nc:RequestDecisionText,nc:RequestDescriptionText,nc:RequestIdentification,nc:RequestText,nc:RequestDecisionDate,nc:RequestCategoryAbstract,nc:RequestStatus,nc:RequestAugmentationPoint"
structures:ObjectType,3.0,"nc:CaseDispositionDecisionText,nc:CaseDispositionDecisionCategoryAbstract,nc:CaseDispositionDecisionAugmentationPoint"
structures:ObjectType,8.0,"nc:ScheduleDay,nc:ScheduleDescriptionText,nc:ScheduleEffectiveDateRange,nc:ScheduleExceptionsDescriptionText,nc:ScheduleNonStopIndicator,nc:ScheduleStatus,nc:ScheduleWeekAbstract,nc:ScheduleAugmentationPoint"
structures:ObjectType,28.0,"nc:ActivityIdentification,nc:ActivityActualDuration,nc:ActivityApprovedIndicator,nc:ActivityAssignedDate,nc:ActivityCapacityQuantity,nc:ActivityCategoryAbstract,nc:ActivityComment,nc:ActivityCompletedIndicator,nc:ActivityContactEntity,nc:ActivityDate,nc:ActivityDescriptionText,nc:ActivityDisposition,nc:ActivityDueDate,nc:ActivityEffectiveDate,nc:ActivityEstimatedDuration,nc:ActivityFrequencyText,nc:ActivityLocation,nc:ActivityName,nc:ActivityNarrative,nc:ActivityPrescribedDuration,nc:ActivityReasonAbstract,nc:ActivityReportedDate,nc:ActivityRequestedDate,nc:ActivityScheduledDate,nc:ActivitySequenceNumeric,nc:ActivityStatus,nc:ActivityVerifiedDate,nc:ActivityAugmentationPoint"
structures:ObjectType,3.0,"nc:AddressGridID,nc:AddressGridText,nc:AddressGridAugmentationPoint"
structures:ObjectType,14.0,"nc:AddressFullText,nc:AddressPrivateMailboxText,nc:AddressSecondaryUnitText,nc:AddressDeliveryPointAbstract,nc:AddressRecipientName,nc:AddressCityName,nc:AddressCountyAbstract,nc:AddressState,nc:AddressCountry,nc:AddressPostalCode,nc:AddressPostalExtensionCode,nc:AddressUrbanizationName,nc:AddressCategoryAbstract,nc:AddressAugmentationPoint"
structures:ObjectType,3.0,"nc:RangeMaximumUnsignedIntegerValue,nc:RangeMinimumUnsignedIntegerValue,nc:UnsignedIntegerRangeAugmentationPoint"
structures:ObjectType,3.0,"nc:Amount,nc:CurrencyAbstract,nc:AmountAugmentationPoint"
structures:ObjectType,3.0,"nc:BeginTime,nc:EndTime,nc:TimeRangeAugmentationPoint"
structures:ObjectType,4.0,"nc:AngularDegreeValue,nc:AngularMinuteValue,nc:AngularSecondValue,nc:AngularMeasureAugmentationPoint"
structures:ObjectType,4.0,"nc:TelephoneNumberAbstract,nc:TelephoneNumberCategoryAbstract,nc:TelephoneNumberDescriptionText,nc:TelephoneNumberAugmentationPoint"
structures:ObjectType,6.0,"nc:AnomalyCategoryAbstract,nc:AnomalyContactInformation,nc:AnomalyDateTime,nc:AnomalyDescriptionText,nc:AnomalyLocation,nc:AnomalyAugmentationPoint"
structures:ObjectType,16.0,"nc:TaskAssignedDate,nc:TaskAssignedEntity,nc:TaskCompletedIndicator,nc:TaskCompletedPercent,nc:TaskDescriptionText,nc:TaskDueDate,nc:TaskEndDate,nc:TaskFunctionAbstract,nc:TaskID,nc:TaskLocation,nc:TaskName,nc:TaskOutcomeDescriptionText,nc:TaskStartDate,nc:TaskStatus,nc:TaskSuccessCriteriaText,nc:TaskAugmentationPoint"
structures:ObjectType,8.0,"nc:ScheduleActivityText,nc:ScheduleDayAbstract,nc:ScheduleDayStatus,nc:ScheduleTimeRange,nc:SchedulePerson,nc:ScheduleDayStartTime,nc:ScheduleDayEndTime,nc:ScheduleDayAugmentationPoint"
structures:ObjectType,4.0,"nc:AreaDescriptionText,nc:AreaGeographicAbstract,nc:AreaRegionAbstract,nc:AreaAugmentationPoint"
structures:ObjectType,3.0,"nc:AzimuthAbstract,nc:InclinationAbstract,nc:BearingAugmentationPoint"
structures:ObjectType,8.0,"nc:StreetFullText,nc:StreetNumberText,nc:StreetPredirectional,nc:StreetName,nc:StreetCategoryAbstract,nc:StreetPostdirectional,nc:StreetExtensionText,nc:StreetAugmentationPoint"
structures:ObjectType,2.0,"nc:StreetDirectionalRepresentation,nc:StreetDirectionalAugmentationPoint"
structures:ObjectType,7.0,"nc:StatusAbstract,nc:StatusCommentText,nc:StatusDescriptionText,nc:StatusIssuerIdentification,nc:StatusIssuerText,nc:StatusDate,nc:StatusAugmentationPoint"
structures:ObjectType,2.0,"nc:StateRepresentation,nc:StateAugmentationPoint"
structures:ObjectType,3.0,"nc:BinaryHashCode,nc:BinaryHashFunctionAbstract,nc:BinaryHashAugmentationPoint"
structures:ObjectType,14.0,"nc:BinaryID,nc:BinaryCategoryAbstract,nc:BinaryHash,nc:BinaryLocation,nc:BinaryAvailableIndicator,nc:BinaryObjectAbstract,nc:BinaryCaptureDate,nc:BinaryCapturer,nc:BinaryDescriptionText,nc:BinaryFormatAbstract,nc:BinaryFormatStandardName,nc:BinaryURI,nc:BinarySizeValue,nc:BinaryAugmentationPoint"
structures:ObjectType,10.0,"nc:CapabilityCategoryAbstract,nc:CapabilityDescriptionText,nc:CapabilityEndDate,nc:CapabilityGeneralCategoryAbstract,nc:CapabilityIdentification,nc:CapabilityIsLimitationIndicator,nc:CapabilityName,nc:CapabilityProficiencyText,nc:CapabilityStartDate,nc:CapabilityAugmentationPoint"
structures:ObjectType,6.0,"nc:SiteLocation,nc:SiteMobileDescriptionText,nc:SiteMobileIndicator,nc:SiteOwnerEntity,nc:SiteSpecialInformationText,nc:SiteAugmentationPoint"
structures:ObjectType,4.0,"nc:PersonNationalityCountry,nc:PersonNationalityCategoryAbstract,nc:PersonNationalityStatus,nc:PersonNationalityAugmentationPoint"
structures:ObjectType,4.0,"nc:ArrivalDate,nc:ArrivalEstimatedDate,nc:ArrivalLocation,nc:ArrivalAugmentationPoint"
structures:ObjectType,14.0,"nc:PersonNamePrefixAbstract,nc:PersonGivenName,nc:PersonMiddleName,nc:PersonSurName,nc:PersonNameSuffixText,nc:PersonMaidenName,nc:PersonFullName,nc:PersonNameCategoryAbstract,nc:PersonNameSalutationText,nc:PersonOfficialGivenName,nc:PersonPreferredName,nc:PersonSurNamePrefixText,nc:EffectiveDate,nc:PersonNameAugmentationPoint"
structures:ObjectType,6.0,"nc:Language,nc:PersonComprehendsSpokenLanguageIndicator,nc:PersonReadsLanguageIndicator,nc:PersonSpeaksLanguageIndicator,nc:PersonWritesLanguageIndicator,nc:PersonLanguageAugmentationPoint"
structures:ObjectType,6.0,"nc:IdentityCharacteristics,nc:IdentityCreationDate,nc:IdentityCreationEventText,nc:IdentityTerminationDate,nc:IdentityTerminationEventText,nc:IdentityAugmentationPoint"
structures:ObjectType,8.0,"nc:LocationBedText,nc:LocationBuildingText,nc:LocationPartText,nc:LocationRoomText,nc:LocationSectionText,nc:LocationSuiteText,nc:LocationFloorText,nc:LocationPartAugmentationPoint"
structures:ObjectType,6.0,"nc:ElectronicAddressDescriptionText,nc:MACAddressID,nc:IPv4AddressID,nc:IPv6AddressID,nc:URLID,nc:ElectronicAddressAugmentationPoint"
structures:ObjectType,16.0,"nc:EmploymentPositionBargainingExclusionAbstract,nc:EmploymentPositionBargainingUnitAbstract,nc:EmploymentPositionBasisAbstract,nc:EmploymentPositionDepartmentName,nc:EmploymentPositionDutyText,nc:EmploymentPositionEssentialIndicator,nc:EmploymentPositionEssentialLanguage,nc:EmploymentPositionIdentification,nc:EmploymentPositionLocation,nc:EmploymentPositionAbstract,nc:EmploymentPositionRequiredEducationAbstract,nc:EmploymentPositionRequiredJobSkillAbstract,nc:EmploymentPositionSecurityClearanceLevelAbstract,nc:EmploymentPositionSupervisoryPosition,nc:EmploymentPositionTemporaryIndicator,nc:EmploymentPositionAugmentationPoint"
structures:ObjectType,2.0,"nc:EncounterCategoryAbstract,nc:EncounterClassificationAugmentationPoint"
structures:ObjectType,4.0,"nc:GeographicDatumAbstract,nc:GeographicCoordinateLatitude,nc:GeographicCoordinateLongitude,nc:Location2DGeospatialCoordinateAugmentationPoint"
structures:ObjectType,18.0,"nc:LocaleCensusBlockID,nc:LocaleCensusTractID,nc:LocaleCommunityAbstract,nc:LocaleDescriptionText,nc:LocaleDistrictIdentification,nc:LocaleDistrictName,nc:LocaleEmergencyServicesName,nc:LocaleFireJurisdictionID,nc:LocaleJudicialDistrictAbstract,nc:LocaleNeighborhoodName,nc:LocalePoliceBeatText,nc:LocalePoliceGridText,nc:LocalePoliceJurisdictionID,nc:LocaleRegionName,nc:LocaleSubdivisionName,nc:LocaleZoneName,nc:LocaleEmergencyServicesJurisdictionID,nc:LocaleAugmentationPoint"
structures:ObjectType,3.0,"nc:EntityRepresentation,nc:EntityLegalIndicator,nc:EntityAugmentationPoint"
structures:ObjectType,4.0,"nc:LatitudeDegreeValue,nc:LatitudeMinuteValue,nc:LatitudeSecondValue,nc:LatitudeCoordinateAugmentationPoint"
structures:ObjectType,2.0,"nc:LanguageRepresentation,nc:LanguageAugmentationPoint"
structures:ObjectType,6.0,"nc:JurisdictionAbstract,nc:JurisdictionDescriptionText,nc:JurisdictionIdentification,nc:JurisdictionLocation,nc:JurisdictionRestrictionText,nc:JurisdictionAugmentationPoint"
structures:ObjectType,7.0,"nc:ItemValueAmount,nc:ItemValueAssigningMethodAbstract,nc:ItemValueDate,nc:ItemValueDescriptionText,nc:ItemValueTaxIncludedIndicator,nc:ItemValueAssigner,nc:ItemValueAugmentationPoint"
structures:ObjectType,18.0,"nc:LocationAddressAbstract,nc:LocationArea,nc:LocationCategoryAbstract,nc:LocationContactInformation,nc:LocationDescriptionText,nc:LocationDirectionsText,nc:LocationGeospatialCoordinateAbstract,nc:LocationHeightAbstract,nc:LocationIdentification,nc:LocationLandmarkAbstract,nc:LocationLocale,nc:LocationMapLocation,nc:LocationName,nc:LocationPart,nc:LocationRangeDescriptionText,nc:LocationRelativeLocation,nc:LocationSurroundingAreaDescriptionText,nc:LocationAugmentationPoint"
structures:ObjectType,5.0,"nc:RoleOfItem,nc:WeaponUser,nc:WeaponInvolvedInActivity,nc:WeaponUsageAbstract,nc:WeaponAugmentationPoint"
structures:ObjectType,2.0,"nc:FacilityFunctionAbstract,nc:FacilityFunctionAugmentationPoint"
structures:ObjectType,19.0,"nc:FacilityIdentification,nc:FacilityName,nc:FacilityCategory,nc:FacilityLocation,nc:FacilityContactInformation,nc:FacilityContainsItem,nc:FacilityCapacityDescriptionText,nc:FacilityCapacityQuantity,nc:FacilityDescriptionText,nc:FacilityMaxOccupancyQuantity,nc:FacilityMemberCategoryText,nc:FacilityOperatingSchedule,nc:FacilityOperationalStatus,nc:FacilitySecurityLevelAbstract,nc:FacilitySiteDiagram,nc:FacilitySystemIdentification,nc:FacilitySystemIPAddressID,nc:FacilityUsage,nc:FacilityAugmentationPoint"
structures:ObjectType,7.0,"nc:FinancialAccountCategoryText,nc:FinancialAccountListedName,nc:FinancialAccountNumberID,nc:FinancialAccountPresentBalanceAmount,nc:FinancialAccountClosedIndicator,nc:FinancialAccountHolder,nc:FinancialAccountAugmentationPoint"
structures:ObjectType,3.0,"nc:TelephoneNumberFullID,nc:TelephoneSuffixID,nc:FullTelephoneNumberAugmentationPoint"
structures:ObjectType,4.0,"nc:EntityName,nc:EntityContactInformation,nc:EntityDescriptionText,nc:GenericEntityAugmentationPoint"
structures:ObjectType,4.0,"nc:TelephoneCountryCodeID,nc:TelephoneNumberID,nc:TelephoneSuffixID,nc:InternationalTelephoneNumberAugmentationPoint"
structures:ObjectType,5.0,"nc:HighwayFullText,nc:HighwayName,nc:HighwayID,nc:HighwayPositionText,nc:HighwayAugmentationPoint"
structures:ObjectType,3.0,"nc:RangeMaximumIntegerValue,nc:RangeMinimumIntegerValue,nc:IntegerRangeAugmentationPoint"
structures:ObjectType,9.0,"nc:IdentificationID,nc:IdentificationJurisdiction,nc:IdentificationCategoryAbstract,nc:IdentificationCategoryDescriptionText,nc:IdentificationEffectiveDate,nc:IdentificationExpirationDate,nc:IdentificationSourceText,nc:IdentificationStatus,nc:IdentificationAugmentationPoint"
structures:ObjectType,11.0,"nc:InsurancePolicyIdentification,nc:InsuranceCarrierIdentification,nc:InsuranceCarrierName,nc:InsuranceActiveIndicator,nc:InsuranceCancellationDate,nc:InsuranceCertifiedDate,nc:InsuranceCoverageCategoryAbstract,nc:InsuranceCoveredItem,nc:InsuranceEffectiveDateRange,nc:InsurancePersonalIndicator,nc:InsuranceAugmentationPoint"
structures:ObjectType,3.0,"nc:InstantMessengerServiceName,nc:InstantMessengerScreenID,nc:InstantMessengerAugmentationPoint"
structures:ObjectType,4.0,"nc:RoleOfItem,nc:EquipmentIdentification,nc:EquipmentName,nc:EquipmentAugmentationPoint"
structures:ObjectType,3.0,"nc:StartDate,nc:EndDate,nc:DateRangeAugmentationPoint"
structures:ObjectType,4.0,"nc:LongitudeDegreeValue,nc:LongitudeMinuteValue,nc:LongitudeSecondValue,nc:LongitudeCoordinateAugmentationPoint"
structures:ObjectType,11.0,"nc:MapCoordinateFullText,nc:MapDate,nc:MapElevationCoordinateText,nc:MapHorizontalCoordinateText,nc:MapLocationDescriptionText,nc:MapName,nc:MapPageID,nc:MapQuadrantText,nc:MapVersionID,nc:MapVerticalCoordinateText,nc:MapLocationAugmentationPoint"
structures:ObjectType,4.0,"nc:DateRepresentation,nc:DateAccuracyAbstract,nc:DateMarginOfErrorDuration,nc:DateAugmentationPoint"
structures:ObjectType,6.0,"nc:DecalID,nc:DecalColorAbstract,nc:DecalPeriodAbstract,nc:DecalYearDate,nc:DecalMonthDate,nc:DecalAugmentationPoint"
structures:ObjectType,3.0,"nc:RangeMinimumDecimalValue,nc:RangeMaximumDecimalValue,nc:DecimalRangeAugmentationPoint"
structures:ObjectType,4.0,"nc:DepartureDate,nc:DepartureEstimatedDate,nc:DepartureLocation,nc:DepartureAugmentationPoint"
structures:ObjectType,3.0,"nc:DirectDialTelephoneNetworkText,nc:DirectDialTelephoneNumberID,nc:DirectDialTelephoneNumberAugmentationPoint"
structures:ObjectType,4.0,"nc:PersonCitizenshipCountry,nc:PersonCitizenshipCategoryAbstract,nc:PersonCitizenshipStatus,nc:PersonCitizenshipAugmentationPoint"
structures:ObjectType,9.0,"nc:DispositionCategoryAbstract,nc:DispositionEntity,nc:DispositionDate,nc:DispositionDescriptionText,nc:DispositionReasonAbstract,nc:DispositionReportedAuthorityText,nc:DispositionText,nc:DispositionInstrument,nc:DispositionAugmentationPoint"
structures:ObjectType,6.0,"nc:PermitIdentification,nc:PermitCategoryAbstract,nc:PermitRenewalDate,nc:PermitStartDate,nc:PermitUsageAbstract,nc:PermitAugmentationPoint"
structures:ObjectType,3.0,"nc:PaymentAmount,nc:PaymentMethodAbstract,nc:PaymentAugmentationPoint"
structures:ObjectType,65.0,"nc:DocumentApprovedIndicator,nc:DocumentAuthor,nc:DocumentCategoryAbstract,nc:DocumentCategoryDescriptionText,nc:DocumentContentAbstract,nc:DocumentContentListText,nc:DocumentContributor,nc:DocumentCopyrightIndicator,nc:DocumentCountry,nc:DocumentCoverageAbstract,nc:DocumentCreationDate,nc:DocumentDescriptionText,nc:DocumentDispositionAuthorityName,nc:DocumentDispositionInstructionText,nc:DocumentDisputedIndicator,nc:DocumentDisputedReasonAbstract,nc:DocumentEffectiveDate,nc:DocumentEntrySubmitter,nc:DocumentEUDataPrivacyIndicator,nc:DocumentExpirationDate,nc:DocumentFileControlID,nc:DocumentFiledDate,nc:DocumentFileExtensionText,nc:DocumentFileName,nc:DocumentFormatCategoryAbstract,nc:DocumentFormatAbstract,nc:DocumentGroupID,nc:DocumentIdentification,nc:DocumentInformationCutOffDate,nc:DocumentIntelligenceCategoryAbstract,nc:DocumentIssuanceLocation,nc:DocumentIssueDate,nc:DocumentKeywordAbstract,nc:DocumentLanguage,nc:DocumentLastModifiedDate,nc:DocumentLocation,nc:DocumentLocationURI,nc:DocumentManagementCyclePeriodText,nc:DocumentOtherRecipient,nc:DocumentPermanentRecordIndicator,nc:DocumentPhysicalMediumCategoryAbstract,nc:DocumentPhysicalMediumText,nc:DocumentPostDate,nc:DocumentPrivacyActIndicator,nc:DocumentPublicationDate,nc:DocumentReceivedDate,nc:DocumentRecipient,nc:DocumentRelatedResourceText,nc:DocumentRightsText,nc:DocumentSensitivityAbstract,nc:DocumentSequenceID,nc:DocumentSoftware,nc:DocumentSource,nc:DocumentSourceText,nc:DocumentStatus,nc:DocumentStatusCategoryAbstract,nc:DocumentSubjectAbstract,nc:DocumentSubmissionAmount,nc:DocumentSubmitter,nc:DocumentSummaryText,nc:DocumentSupplementalMarkingText,nc:DocumentTitleAlternativeText,nc:DocumentTitleText,nc:DocumentVitalIndicator,nc:DocumentAugmentationPoint"
structures:ObjectType,4.0,"nc:AzimuthAbstract,nc:InclinationAbstract,nc:RollValue,nc:OrientationAugmentationPoint"
structures:ObjectType,6.0,"nc:EducationDescriptionText,nc:EducationInProgressIndicator,nc:EducationLevel,nc:EducationQualification,nc:EducationStatus,nc:EducationAugmentationPoint"
structures:ObjectType,3.0,"nc:RangeMaximumDoubleValue,nc:RangeMinimumDoubleValue,nc:DoubleRangeAugmentationPoint"
structures:ObjectType,2.0,"nc:EducationLevelRepresentation,nc:EducationLevelAugmentationPoint"
structures:ObjectType,7.0,"nc:EducationQualificationRepresentation,nc:EducationQualificationIssuedDate,nc:EducationQualificationExpirationDate,nc:EducationQualificationInstitution,nc:EducationQualificationDescriptionText,nc:EducationQualificationLevel,nc:EducationQualificationAugmentationPoint"
structures:ObjectType,17.0,"nc:ObligationTotalAbstract,nc:ObligationDueAbstract,nc:ObligationPaidAbstract,nc:ObligationCompleteIndicator,nc:ObligationComplianceIndicator,nc:ObligationDueDate,nc:ObligationExemption,nc:ObligationExemptionIndicator,nc:ObligationPaidDate,nc:ObligationProgressDescriptionText,nc:ObligationRequirementDescriptionText,nc:ObligationCategoryAbstract,nc:ObligationEntity,nc:ObligationEntityCategoryAbstract,nc:ObligationRecipient,nc:ObligationRecurrence,nc:ObligationAugmentationPoint"
structures:ObjectType,3.0,"nc:ObligationPeriodAbstract,nc:ObligationDateRange,nc:ObligationRecurrenceAugmentationPoint"
structures:ObjectType,3.0,"nc:FinancialObligationExemptionAmount,nc:ObligationExemptionDescriptionText,nc:ObligationExemptionAugmentationPoint"
structures:ObjectType,5.0,"nc:TelephoneAreaCodeID,nc:TelephoneExchangeID,nc:TelephoneLineID,nc:TelephoneSuffixID,nc:NANPTelephoneNumberAugmentationPoint"
structures:ObjectType,6.0,"nc:MissionName,nc:MissionCommencementNoEarlierThanDate,nc:MissionCommencementNoLaterThanDate,nc:ContactInformation,nc:MissionID,nc:MissionAugmentationPoint"
structures:ObjectType,20.0,"nc:MilitaryBranchName,nc:MilitaryCountry,nc:MilitaryDischargeCategoryAbstract,nc:MilitaryDischargeDate,nc:MilitaryDischargeRankText,nc:MilitaryDisciplinaryAction,nc:MilitaryDutiesText,nc:MilitaryEnlistmentDate,nc:MilitaryExemptionDescriptionText,nc:MilitaryExperienceIndicator,nc:MilitaryHighRankText,nc:MilitaryInductionDate,nc:MilitaryPersonIdentification,nc:MilitaryReleaseCategoryAbstract,nc:MilitaryReleaseDate,nc:MilitaryServiceActiveIndicator,nc:MilitaryServiceTimeMeasure,nc:MilitaryStatus,nc:MilitaryWorkSkillText,nc:MilitarySummaryAugmentationPoint"
structures:ObjectType,14.0,"nc:MessageID,nc:MessageRecipientAbstract,nc:MessageRecipientAddressID,nc:MessageReceivedDate,nc:MessageSenderAbstract,nc:MessageSenderAddressID,nc:MessageSentDate,nc:MessageSubjectText,nc:MessageText,nc:MessageAttachmentAbstract,nc:MessageCategoryAbstract,nc:MessageReferenceID,nc:MessageFATCAUsageRestrictionAbstract,nc:MessageAugmentationPoint"
structures:ObjectType,8.0,"nc:MedicalConditionDoctor,nc:MedicalConditionText,nc:MedicalConditionCauseText,nc:MedicalConditionDescriptionText,nc:MedicalConditionPresentIndicator,nc:MedicalConditionSeverityAbstract,nc:MedicalConditionDateRange,nc:MedicalConditionAugmentationPoint"
structures:ObjectType,10.0,"nc:MeasureValueAbstract,nc:MeasureCommentText,nc:MeasureDate,nc:MeasureDescriptionText,nc:MeasureErrorAbstract,nc:Measurer,nc:MeasureUnitAbstract,nc:MeasureMethodAbstract,nc:MeasureEstimatedIndicator,nc:MeasureAugmentationPoint"
structures:ObjectType,39.0,"nc:OrganizationAbbreviationText,nc:OrganizationActiveIndicator,nc:OrganizationActivityAbstract,nc:OrganizationBranchName,nc:OrganizationCategoryAbstract,nc:OrganizationDayContactInformation,nc:OrganizationDescriptionText,nc:OrganizationDoingBusinessAsName,nc:OrganizationEmergencyContactInformation,nc:OrganizationEstablishedDate,nc:OrganizationEveningContactInformation,nc:OrganizationForeignAffiliate,nc:OrganizationIdentification,nc:OrganizationIncorporatedIndicator,nc:OrganizationIncorporationDate,nc:OrganizationIncorporationLocation,nc:OrganizationJurisdiction,nc:OrganizationLEIIdentification,nc:OrganizationLicenseIdentification,nc:OrganizationLocalIdentification,nc:OrganizationLocation,nc:OrganizationName,nc:OrganizationNameEffectiveDate,nc:OrganizationNameTerminationDate,nc:OrganizationNightContactInformation,nc:OrganizationOtherIdentification,nc:OrganizationParentAbstract,nc:OrganizationPrimaryContactInformation,nc:OrganizationPrincipalOfficial,nc:OrganizationServiceHoursAbstract,nc:OrganizationSizeAbstract,nc:OrganizationStatus,nc:OrganizationSubUnit,nc:OrganizationSubUnitName,nc:OrganizationTaxIdentification,nc:OrganizationTerminationDate,nc:OrganizationUnitName,nc:OrganizationValidDate,nc:OrganizationAugmentationPoint"
structures:ObjectType,46.0,"nc:ItemActionText,nc:ItemAgeMeasure,nc:ItemBarCodeIdentification,nc:ItemBinary,nc:ItemBrandName,nc:ItemCategoryAbstract,nc:ItemColorDescriptionText,nc:ItemColorPrimaryAbstract,nc:ItemColorSecondaryAbstract,nc:ItemConditionAbstract,nc:ItemCurrentResaleValue,nc:ItemDealerIdentification,nc:ItemDescriptionText,nc:ItemDisposition,nc:ItemFirstSoldYearDate,nc:ItemHeightMeasure,nc:ItemImage,nc:ItemLeaseIndicator,nc:ItemLengthMeasure,nc:ItemMakeAbstract,nc:ItemModelName,nc:ItemModelYearDate,nc:ItemName,nc:ItemOtherIdentification,nc:ItemOwner,nc:ItemOwnerAppliedID,nc:ItemOwnerPurchasedValue,nc:ItemOwnershipCategoryAbstract,nc:ItemPossessionDescriptionText,nc:ItemPossessor,nc:ItemQuantity,nc:ItemReceiptIdentification,nc:ItemRentalIndicator,nc:ItemRFIdentification,nc:ItemSalesTaxPercent,nc:ItemSerialIdentification,nc:ItemSizeDescriptionText,nc:ItemStateIdentification,nc:ItemStatus,nc:ItemStyleAbstract,nc:ItemUsageText,nc:ItemValue,nc:ItemVisibleID,nc:ItemWeightMeasure,nc:ItemWidthMeasure,nc:ItemAugmentationPoint"
